name,subcategory,category,commune,postal_code,address,phone,email,website_status,website_confidence,priority,prospect_score,opening_hours,source_url,maps_url,website_evidence
L'Héroz'o,restaurant,amenity:restaurant,,37420,"1 Rue Paul Langevin, 37420",+33 2 47 58 93 10,,uncertain,low,medium,4,"Mo,Su off; Tu-Th 11:45-14:00,19:00-21:30; Fr 11:45-14:00,19:00-22:30; Sa 19:00-23:00",https://www.openstreetmap.org/way/983042610,"https://www.google.com/maps/search/?api=1&query=47.211133,0.1714815",résultat ambigu (bing.com)
Pharmacie Fraillon,pharmacy,amenity:pharmacy,Beaumont-en-Véron,37420,"9, Beaumont-en-Véron",+33 2 47 58 94 39,,uncertain,low,medium,4,,https://www.openstreetmap.org/way/124995022,"https://www.google.com/maps/search/?api=1&query=47.197831,0.1842535",résultat ambigu (bing.com)
Au fil de l'eau,restaurant,amenity:restaurant,,37420,4 Rue du Val de l'Indre,,,uncertain,low,medium,2,,https://www.openstreetmap.org/node/10001977890,"https://www.google.com/maps/search/?api=1&query=47.2313186,0.1881937",résultat ambigu (gesund.bund.de)
Domaine de la Roche Honneur,wine,shop:wine,Savigny en Véron,37240,"1 Rue de la Berthelonnière, 37240 Savigny en Véron",,,uncertain,low,medium,2,,https://www.openstreetmap.org/node/4947205074,"https://www.google.com/maps/search/?api=1&query=47.2070094,0.1408736",résultat ambigu (bing.com)
Le Jardin de Rabelais - Site Savigny 1,company,office:company,Savigny-en-Véron,37420,"Rue de la Gabare, 37420 Savigny-en-Véron",,,uncertain,low,medium,2,,https://www.openstreetmap.org/node/13481588955,"https://www.google.com/maps/search/?api=1&query=47.2193203,0.1591469",résultat ambigu (bing.com)
3DG,company,office:company,,37420,,,,uncertain,low,medium,1,,https://www.openstreetmap.org/node/9335811558,"https://www.google.com/maps/search/?api=1&query=47.2175203,0.1650136",résultat ambigu (bing.com)
ATTM,company,office:company,,37420,,,,uncertain,low,medium,1,,https://www.openstreetmap.org/node/9335811550,"https://www.google.com/maps/search/?api=1&query=47.2169238,0.1654374",résultat ambigu (bing.com)
Bar du Centre,cafe,amenity:cafe,,37420,,,,uncertain,low,medium,1,,https://www.openstreetmap.org/node/2017960923,"https://www.google.com/maps/search/?api=1&query=47.2052203,0.1824908",résultat ambigu (bing.com)
Brazillier,roofer,craft:roofer,,37420,,,,uncertain,low,medium,1,,https://www.openstreetmap.org/node/11020739588,"https://www.google.com/maps/search/?api=1&query=47.2189289,0.1642171",résultat ambigu (bing.com)
Cabas Huismois,convenience,shop:convenience,,37420,,,,uncertain,low,medium,1,"Mo 08:00-12:30,16:30-19:15; Tu 08:30-12:30; We-Su 09:30-12:30; Th off; Fr 09:30-12:30,16:30-19:15",https://www.openstreetmap.org/node/10038069342,"https://www.google.com/maps/search/?api=1&query=47.2316764,0.2534786",résultat ambigu (bing.com)
Capaval,company,office:company,,37420,,,,uncertain,low,medium,1,,https://www.openstreetmap.org/node/9335811593,"https://www.google.com/maps/search/?api=1&query=47.2195879,0.1641927",résultat ambigu (bing.com)
Casse auto du Véron,company,office:company,,37420,,,,uncertain,low,medium,1,,https://www.openstreetmap.org/node/9332693401,"https://www.google.com/maps/search/?api=1&query=47.2106039,0.1590578",résultat ambigu (dict.leo.org)
Centre Nucléaire de Production d'Electricité de Chinon,attraction,tourism:attraction,,37420,,,,uncertain,low,medium,1,,https://www.openstreetmap.org/way/235386452,"https://www.google.com/maps/search/?api=1&query=47.2282946,0.1714546",résultat ambigu (bing.com)
Chêne de France,trade,shop:trade,,37420,,,,uncertain,low,medium,1,,https://www.openstreetmap.org/node/9335811566,"https://www.google.com/maps/search/?api=1&query=47.2204226,0.1649298",résultat ambigu (bing.com)
DDT Fluvial,company,office:company,,37420,,,,uncertain,low,medium,1,,https://www.openstreetmap.org/node/9332693398,"https://www.google.com/maps/search/?api=1&query=47.2136525,0.1614285",résultat ambigu (bing.com)
Domaine de Bertignolles,wine,shop:wine,,37420,,,,uncertain,low,medium,1,,https://www.openstreetmap.org/way/192471336,"https://www.google.com/maps/search/?api=1&query=47.2226405,0.1117507",résultat ambigu (bing.com)
Domaine des Galuches,wine,shop:wine,,37420,,,,uncertain,low,medium,1,,https://www.openstreetmap.org/way/193336828,"https://www.google.com/maps/search/?api=1&query=47.2321395,0.1419791",résultat ambigu (bing.com)
Domaine Jean-Maurice Raffault,wine,shop:wine,,37420,,,,uncertain,low,medium,1,,https://www.openstreetmap.org/way/189592210,"https://www.google.com/maps/search/?api=1&query=47.204775,0.1461395",résultat ambigu (bing.com)
Domaine Olga Raffault,wine,shop:wine,,37420,,,,uncertain,low,medium,1,,https://www.openstreetmap.org/way/191430484,"https://www.google.com/maps/search/?api=1&query=47.2076583,0.1275195",résultat ambigu (bing.com)
Domaine Wilfrid Rousse,wine,shop:wine,,37420,,,,uncertain,low,medium,1,,https://www.openstreetmap.org/way/189584143,"https://www.google.com/maps/search/?api=1&query=47.2074973,0.1425967",résultat ambigu (bing.com)
Décontamat,company,office:company,,37420,,,,uncertain,low,medium,1,,https://www.openstreetmap.org/node/9332693408,"https://www.google.com/maps/search/?api=1&query=47.2138559,0.1627965",résultat ambigu (bing.com)
Eiffel Industrie,company,office:company,,37420,,,,uncertain,low,medium,1,,https://www.openstreetmap.org/node/9332693396,"https://www.google.com/maps/search/?api=1&query=47.2135389,0.162804",résultat ambigu (bing.com)
Engie Endel,company,office:company,,37420,,,,uncertain,low,medium,1,,https://www.openstreetmap.org/node/9335811569,"https://www.google.com/maps/search/?api=1&query=47.2163884,0.1649414",résultat ambigu (bing.com)
France Service,government,office:government,,37420,,,,uncertain,low,medium,1,,https://www.openstreetmap.org/node/11020739581,"https://www.google.com/maps/search/?api=1&query=47.2093464,0.1838186",résultat ambigu (bing.com)
Graphic Rivière,company,office:company,,37420,,,,uncertain,low,medium,1,,https://www.openstreetmap.org/node/9335811570,"https://www.google.com/maps/search/?api=1&query=47.2142957,0.1722125",résultat ambigu (dict.leo.org)
Gîte des Figuiers,chalet,tourism:chalet,,37420,,,,uncertain,low,medium,1,,https://www.openstreetmap.org/way/128305223,"https://www.google.com/maps/search/?api=1&query=47.2270734,0.2548042",résultat ambigu (bing.com)
H. Events,company,office:company,,37420,,,,uncertain,low,medium,1,,https://www.openstreetmap.org/node/9332693389,"https://www.google.com/maps/search/?api=1&query=47.2136746,0.1628116",résultat ambigu (bing.com)
Horti Production,company,office:company,,37420,,,,uncertain,low,medium,1,,https://www.openstreetmap.org/node/9335811553,"https://www.google.com/maps/search/?api=1&query=47.2180419,0.169032",résultat ambigu (support.microsoft.com)
INEO,company,office:company,,37420,,,,uncertain,low,medium,1,,https://www.openstreetmap.org/node/9335811555,"https://www.google.com/maps/search/?api=1&query=47.2195191,0.164961",résultat ambigu (develop.de)
Jean-Louis Page,wine,shop:wine,,37420,,,,uncertain,low,medium,1,,https://www.openstreetmap.org/way/189584154,"https://www.google.com/maps/search/?api=1&query=47.2055876,0.1457827",résultat ambigu (zhihu.com)
Kiosque à Pizza,fast_food,amenity:fast_food,,37420,,,,uncertain,low,medium,1,,https://www.openstreetmap.org/node/9335811572,"https://www.google.com/maps/search/?api=1&query=47.2118039,0.1727891",résultat ambigu (bing.com)
Le Bocage,restaurant,amenity:restaurant,,37420,,,,uncertain,low,medium,1,"Mo-Su,PH 12:00-14:00,19:00-20:00",https://www.openstreetmap.org/way/189091201,"https://www.google.com/maps/search/?api=1&query=47.2006827,0.1437487",résultat ambigu (bing.com)
Le Hangar,restaurant,amenity:restaurant,,37420,,,,uncertain,low,medium,1,,https://www.openstreetmap.org/way/62412621,"https://www.google.com/maps/search/?api=1&query=47.2200156,0.1658095",résultat ambigu (bing.com)
Le P'tit salon de Carine,hairdresser,shop:hairdresser,,37420,,,,uncertain,low,medium,1,,https://www.openstreetmap.org/node/10038069344,"https://www.google.com/maps/search/?api=1&query=47.2322323,0.2526841",résultat ambigu (bing.com)
Le Pas des Vignes,guest_house,tourism:guest_house,,37420,,,,uncertain,low,medium,1,,https://www.openstreetmap.org/node/7997055228,"https://www.google.com/maps/search/?api=1&query=47.200965,0.1453677",résultat ambigu (bing.com)
Les cascades des saveurs,bakery,shop:bakery,,37420,,,,uncertain,low,medium,1,"Mo-Fr 06:30-14:00,15:00-18:30; Sa 07:30-12:30; Su off",https://www.openstreetmap.org/node/461178934,"https://www.google.com/maps/search/?api=1&query=47.2050215,0.1826438",résultat ambigu (bing.com)
Les Douceurs du Véron,bakery,shop:bakery,,37420,,,,uncertain,low,medium,1,,https://www.openstreetmap.org/node/7982479488,"https://www.google.com/maps/search/?api=1&query=47.194522,0.1832449",résultat ambigu (bing.com)
Les Jardins du Cœur,company,office:company,,37420,,,,uncertain,low,medium,1,,https://www.openstreetmap.org/node/9335811557,"https://www.google.com/maps/search/?api=1&query=47.2155874,0.1719236",résultat ambigu (bing.com)
LMN Nettoyage,company,office:company,,37420,,,,uncertain,low,medium,1,,https://www.openstreetmap.org/node/9335811575,"https://www.google.com/maps/search/?api=1&query=47.2178854,0.164201",résultat ambigu (livemusicnow-hannover.de)
magpresse,newsagent,shop:newsagent,,37420,,,,uncertain,low,medium,1,,https://www.openstreetmap.org/node/2017960925,"https://www.google.com/maps/search/?api=1&query=47.2052453,0.1824628",résultat ambigu (bing.com)
Maison des vins du Véron,winery,craft:winery,,37420,,,,uncertain,low,medium,1,,https://www.openstreetmap.org/node/7982479492,"https://www.google.com/maps/search/?api=1&query=47.1939994,0.1851201",résultat ambigu (bing.com)
Menuiserie Arnault,joiner,craft:joiner,,37420,,,,uncertain,low,medium,1,,https://www.openstreetmap.org/node/9335811548,"https://www.google.com/maps/search/?api=1&query=47.2197047,0.1644989",résultat ambigu (bing.com)
Omexom Lensens Actea,company,office:company,,37420,,,,uncertain,low,medium,1,,https://www.openstreetmap.org/node/9335811559,"https://www.google.com/maps/search/?api=1&query=47.2183848,0.1631265",résultat ambigu (bing.com)
Passenaud H.A Métal,metal_works,craft:metal_works,,37420,,,,uncertain,low,medium,1,,https://www.openstreetmap.org/node/9332693415,"https://www.google.com/maps/search/?api=1&query=47.2102752,0.1599367",résultat ambigu (bing.com)
PC2E,company,office:company,,37420,,,,uncertain,low,medium,1,,https://www.openstreetmap.org/node/9335811560,"https://www.google.com/maps/search/?api=1&query=47.2148421,0.1720724",résultat ambigu (bing.com)
Peinture du Véron,company,office:company,,37420,,,,uncertain,low,medium,1,,https://www.openstreetmap.org/node/9335811568,"https://www.google.com/maps/search/?api=1&query=47.2178123,0.1641126",résultat ambigu (bing.com)
Phytoservice,company,office:company,,37420,,,,uncertain,low,medium,1,,https://www.openstreetmap.org/node/9335811580,"https://www.google.com/maps/search/?api=1&query=47.2172381,0.1645884",résultat ambigu (organesdeconcertation.sante.belgique.be)
Point P,doityourself,shop:doityourself,,37420,,,,uncertain,low,medium,1,,https://www.openstreetmap.org/node/9332693402,"https://www.google.com/maps/search/?api=1&query=47.2144215,0.1666278",résultat ambigu (bing.com)
Point S,car_repair,shop:car_repair,,37420,,,,uncertain,low,medium,1,,https://www.openstreetmap.org/node/9335811561,"https://www.google.com/maps/search/?api=1&query=47.2190842,0.1638026",résultat ambigu (bing.com)
Ponticelli,company,office:company,,37420,,,,uncertain,low,medium,1,,https://www.openstreetmap.org/node/11020751522,"https://www.google.com/maps/search/?api=1&query=47.2189936,0.1645588",résultat ambigu (bing.com)
Prezioso Linje Bygg,company,office:company,,37420,,,,uncertain,low,medium,1,,https://www.openstreetmap.org/node/9335811591,"https://www.google.com/maps/search/?api=1&query=47.2186959,0.1631318",résultat ambigu (bing.com)
Redken styl'coiffure,hairdresser,shop:hairdresser,,37420,,,,uncertain,low,medium,1,"Tu-Fr 09:00-12:00,14:00-18:30; Sa 09:00-14:00",https://www.openstreetmap.org/way/189089675,"https://www.google.com/maps/search/?api=1&query=47.2009412,0.1447959",résultat ambigu (bing.com)
San T BTP,company,office:company,,37420,,,,uncertain,low,medium,1,,https://www.openstreetmap.org/node/9335811549,"https://www.google.com/maps/search/?api=1&query=47.2177167,0.1633629",résultat ambigu (bing.com)
Serre Tixier,garden_centre,shop:garden_centre,,37420,,,,uncertain,low,medium,1,,https://www.openstreetmap.org/node/11893641640,"https://www.google.com/maps/search/?api=1&query=47.2138174,0.1608229",résultat ambigu (dict.leo.org)
Services Techniques Communautaires,government,office:government,,37420,,,,uncertain,low,medium,1,,https://www.openstreetmap.org/node/9332693412,"https://www.google.com/maps/search/?api=1&query=47.2093904,0.1596598",résultat ambigu (bing.com)
SM Elec,company,office:company,,37420,,,,uncertain,low,medium,1,,https://www.openstreetmap.org/node/9335811563,"https://www.google.com/maps/search/?api=1&query=47.2179572,0.1643038",résultat ambigu (bing.com)
SNEF,company,office:company,,37420,,,,uncertain,low,medium,1,,https://www.openstreetmap.org/node/9332693411,"https://www.google.com/maps/search/?api=1&query=47.2138263,0.1620573",résultat ambigu (bing.com)
Sols Pro Services,company,office:company,,37420,,,,uncertain,low,medium,1,,https://www.openstreetmap.org/node/9335811585,"https://www.google.com/maps/search/?api=1&query=47.212896,0.1711811",résultat ambigu (sologroup-paris.com)
Start People,employment_agency,office:employment_agency,,37420,,,,uncertain,low,medium,1,,https://www.openstreetmap.org/node/9335811583,"https://www.google.com/maps/search/?api=1&query=47.2196207,0.1643989",résultat ambigu (bing.com)
TPPL,company,office:company,,37420,,,,uncertain,low,medium,1,,https://www.openstreetmap.org/node/9332693394,"https://www.google.com/maps/search/?api=1&query=47.2137369,0.1668304",résultat ambigu (bing.com)
Yapluka,company,office:company,,37420,,,,uncertain,low,medium,1,,https://www.openstreetmap.org/node/9335811576,"https://www.google.com/maps/search/?api=1&query=47.2147195,0.1720506",résultat ambigu (bing.com)
Église Notre-Dame,attraction,tourism:attraction,,37420,,,,uncertain,low,medium,1,,https://www.openstreetmap.org/way/70737373,"https://www.google.com/maps/search/?api=1&query=47.2479647,0.3162042",résultat ambigu (bing.com)
